Tool Name,MCP Owner,Tier,Tool Count,Callers (MCPs),Callers (Profiles),Usage Frequency,Dead Tool?,Dependencies,Risk Level,Consolidation Notes
analyze_quality_requirement,qazilla,1-specialist,1,qazilla|session-mcp,dev|qa,high,no,test_planning,low,
generate_test_plan,qazilla,1-specialist,1,qazilla|test-mcp|session-mcp,qa|dev,high,no,test_planning|database,low,Consolidate: test-mcp wraps this
review_acceptance_criteria,qazilla,1-specialist,1,qazilla|pozilla,qa|product,medium,no,test_planning,low,
generate_test_cases,qazilla,1-specialist,1,qazilla|qa-mcp,dev|qa,high,no,test_planning|generation,low,
generate_gherkin_scenarios,qazilla,1-specialist,1,qazilla|test-mcp,qa|dev,high,no,test_planning|bdd,low,Consolidate: test-mcp uses this
generate_e2e_tests,qazilla,1-specialist,1,qazilla|qa-mcp,qa|dev,high,no,generation|playwright,low,
generate_api_tests,qazilla,1-specialist,1,qazilla|qa-mcp,qa|dev,medium,no,generation|rest,low,
generate_unit_tests,qazilla,1-specialist,1,qazilla|qa-mcp,dev|qa,high,no,generation|code,low,
generate_playwright_tests,qazilla,1-specialist,1,qazilla,qa,medium,no,generation|playwright,low,
generate_cypress_tests,qazilla,1-specialist,1,qazilla,qa,medium,no,generation|cypress,low,
generate_postman_collection,qazilla,1-specialist,1,qazilla,qa,low,no,generation|api,low,Rarely used
classify_bug_severity,qazilla,1-specialist,1,qazilla,qa,medium,no,bug_management,low,
generate_bug_report,qazilla,1-specialist,1,qazilla,qa,high,no,bug_management|jira,low,
validate_story_testability,qazilla,1-specialist,1,qazilla|pozilla,qa|product,medium,no,validation|stories,low,
generate_quality_gate,qazilla,1-specialist,1,qazilla|pipeline-mcp,qa,high,no,gates|database,low,
generate_uat_checklist,qazilla,1-specialist,1,qazilla,qa,high,no,gates|checklist,low,
review_test_coverage,qazilla,1-specialist,1,qazilla|qa-mcp,qa|dev,high,no,metrics|coverage,low,
generate_k6_performance_test,qazilla,1-specialist,1,qazilla|opszilla,qa|ops,medium,no,generation|performance,low,
generate_regression_suite,qazilla,1-specialist,1,qazilla,qa,high,no,generation|regression,low,
generate_smoke_test_suite,qazilla,1-specialist,1,qazilla,qa,high,no,generation|smoke,low,
run_unit_tests,qa-mcp,2-infrastructure,1,qazilla|backzilla|frontzilla|deploy-mcp,dev|qa|ops,high,no,pytest|jest,low,CONSOLIDATE: Move to qazilla wrapper
run_e2e_tests,qa-mcp,2-infrastructure,1,qazilla|frontzilla|deploy-mcp,qa|ops,high,no,playwright|cypress,low,CONSOLIDATE: Move to qazilla wrapper
run_linter,qa-mcp,2-infrastructure,1,backzilla|frontzilla|deploy-mcp,dev|qa,high,no,ruff|eslint,low,CONSOLIDATE: Move to qazilla wrapper
run_security_scan,qa-mcp,2-infrastructure,1,seczilla|deploy-mcp,qa|security,high,no,bandit|npm-audit,medium,CONSOLIDATE: Move to seczilla (Phase 2)
run_type_check,qa-mcp,2-infrastructure,1,backzilla|frontzilla|deploy-mcp,dev|qa,high,no,mypy|tsc,low,CONSOLIDATE: Move to qazilla wrapper
check_accessibility,qa-mcp,2-infrastructure,1,frontzilla|qa-mcp,qa|dev,medium,no,axe-core|playwright,low,CONSOLIDATE: Move to qazilla wrapper
check_dependencies,qa-mcp,2-infrastructure,1,seczilla|deploy-mcp,security|ops,high,no,pip-audit|npm-audit,medium,CONSOLIDATE: Move to seczilla (Phase 2)
analyze_complexity,qa-mcp,2-infrastructure,1,qazilla,qa|dev,low,no,radon|grep,low,Rarely used - consider deprecating
get_coverage_report,qa-mcp,2-infrastructure,1,qazilla|deploy-mcp,qa|dev,high,no,coverage|jest,low,CONSOLIDATE: Move to qazilla wrapper
run_api_tests,qa-mcp,2-infrastructure,1,qazilla|deploy-mcp,qa|dev,medium,no,http|pytest,low,CONSOLIDATE: Move to qazilla wrapper
visual_regression,qa-mcp,2-infrastructure,1,frontzilla|qa-mcp,qa|dev,medium,no,pillow|playwright,low,CONSOLIDATE: Move to qazilla wrapper
check_doc_standards,qa-mcp,2-infrastructure,1,docs-mcp|deploy-mcp,qa|dev,medium,no,docs-mcp,low,Keep in qa-mcp (cross-domain)
screenshot_page,qa-mcp,2-infrastructure,1,frontzilla|qa-mcp,qa|dev,medium,no,playwright,low,CONSOLIDATE: Move to qazilla wrapper
generate_qa_report,qa-mcp,2-infrastructure,1,qazilla|deploy-mcp,qa,high,no,coverage|metrics,low,CONSOLIDATE: Move to qazilla wrapper
create_test_plan,test-mcp,2-infrastructure,1,qazilla|test-mcp|session-mcp,qa|dev,high,no,database,low,CONSOLIDATE: Wrap in qazilla
add_scenario,test-mcp,2-infrastructure,1,qazilla|test-mcp,qa|dev,medium,no,database|test_planning,low,CONSOLIDATE: Wrap in qazilla
generate_scenarios,test-mcp,2-infrastructure,1,qazilla|test-mcp,qa|dev,medium,no,database|templates,low,CONSOLIDATE: Wrap in qazilla
record_result,test-mcp,2-infrastructure,1,qazilla|test-mcp,qa|dev,high,no,database,low,CONSOLIDATE: Wrap in qazilla
run_checklist,test-mcp,2-infrastructure,1,qazilla|test-mcp,qa|dev,high,no,database|checklist,low,CONSOLIDATE: Wrap in qazilla
create_checklist,test-mcp,2-infrastructure,1,qazilla,qa|dev,medium,no,database,low,CONSOLIDATE: Wrap in qazilla
get_test_plan,test-mcp,2-infrastructure,1,qazilla|test-mcp,qa|dev,medium,no,database,low,CONSOLIDATE: Wrap in qazilla
get_validation_status,test-mcp,2-infrastructure,1,qazilla|test-mcp,qa,medium,no,database|metrics,low,CONSOLIDATE: Wrap in qazilla
list_test_plans,test-mcp,2-infrastructure,1,qazilla|test-mcp,qa|dev,medium,no,database,low,CONSOLIDATE: Wrap in qazilla
double_check,test-mcp,2-infrastructure,1,qazilla|pipeline-mcp,qa|ops,high,no,database|validation,low,CONSOLIDATE: Wrap in qazilla
analyze_architecture_requirement,archzilla,1-specialist,1,session-mcp,dev|arch,high,no,database,low,
generate_solution_blueprint,archzilla,1-specialist,1,backzilla|frontzilla|opszilla,dev|arch,high,no,generation,low,
define_system_modules,archzilla,1-specialist,1,opszilla|deploy-mcp,arch|ops,high,no,database|definition,low,
define_bounded_contexts,archzilla,1-specialist,1,backzilla,arch|dev,high,no,ddd,low,
generate_c4_diagram,archzilla,1-specialist,1,docs-mcp,arch|dev,medium,no,diagram|generation,low,
generate_sequence_diagram,archzilla,1-specialist,1,docs-mcp,arch|dev,medium,no,diagram|generation,low,
generate_api_guidelines,archzilla,1-specialist,1,backzilla|deploy-mcp,arch|dev,high,no,api|generation,low,
generate_event_contracts,archzilla,1-specialist,1,backzilla|ai-governance,arch|dev,high,no,contracts|event,low,
generate_data_architecture,archzilla,1-specialist,1,backzilla|opszilla,arch|ops,high,no,data|generation,low,
define_non_functional_requirements,archzilla,1-specialist,1,backzilla|opszilla,arch|dev,high,no,performance|scalability,low,
generate_security_architecture,archzilla,1-specialist,1,seczilla,arch|security,high,no,security|generation,low,
generate_observability_architecture,archzilla,1-specialist,1,opszilla|deploy-mcp,arch|ops,high,no,observability|generation,low,
generate_adr,archzilla,1-specialist,1,docs-mcp|ai-governance,arch|dev,high,no,adr|docs,low,
review_architecture,archzilla,1-specialist,1,ai-governance,arch|dev,medium,no,validation|database,low,
map_architecture_risks,archzilla,1-specialist,1,seczilla,arch|security,high,no,risks|analysis,low,
generate_technical_roadmap,archzilla,1-specialist,1,deploy-mcp,arch|ops,medium,no,roadmap|generation,low,
define_integration_strategy,archzilla,1-specialist,1,backzilla|opszilla,arch|dev,high,no,integration|design,low,
evaluate_architecture_tradeoffs,archzilla,1-specialist,1,session-mcp,arch|dev,medium,no,analysis|database,low,
generate_fastapi_router,backzilla,1-specialist,1,session-mcp|deploy-mcp,dev|arch,high,no,generation|fastapi,low,
generate_database_schema,backzilla,1-specialist,1,opszilla|deploy-mcp,dev|ops,high,no,generation|database,low,
generate_service_layer,backzilla,1-specialist,1,session-mcp,dev|arch,high,no,generation|code,low,
generate_repository_layer,backzilla,1-specialist,1,session-mcp,dev|arch,high,no,generation|orm,low,
generate_migration,backzilla,1-specialist,1,infra-mcp|deploy-mcp,dev|ops,high,no,generation|alembic,low,Validate: ai-governance.validate_migration()
optimize_query,backzilla,1-specialist,1,session-mcp,dev|arch,high,no,analysis|database,low,
generate_api_contract,backzilla,1-specialist,1,archzilla|deploy-mcp,arch|dev,high,no,contracts|generation,low,
generate_auth_policy,backzilla,1-specialist,1,seczilla|deploy-mcp,security|dev,high,no,security|auth,low,
analyze_backend_requirement,backzilla,1-specialist,1,session-mcp,dev|arch,high,no,analysis|requirements,low,
generate_backend_tests,backzilla,1-specialist,1,qazilla|deploy-mcp,qa|dev,high,no,generation|pytest,low,
review_backend_code,backzilla,1-specialist,1,session-mcp,dev|arch,medium,no,review|analysis,low,
map_integration_flow,backzilla,1-specialist,1,opszilla|deploy-mcp,ops|arch,high,no,analysis|integration,low,
generate_react_component,frontzilla,1-specialist,1,session-mcp|deploy-mcp,dev|arch,high,no,generation|react,low,
generate_nextjs_page,frontzilla,1-specialist,1,session-mcp|deploy-mcp,dev|arch,high,no,generation|nextjs,low,
generate_custom_hook,frontzilla,1-specialist,1,session-mcp,dev|arch,high,no,generation|react,low,
generate_form_with_validation,frontzilla,1-specialist,1,session-mcp|backzilla,dev|arch,high,no,generation|forms,low,
generate_typescript_types,frontzilla,1-specialist,1,session-mcp|backzilla,dev|arch,high,no,generation|typescript,low,
generate_storybook_story,frontzilla,1-specialist,1,session-mcp,dev|arch,high,no,generation|storybook,low,
generate_ux_writing,frontzilla,1-specialist,1,session-mcp,dev|arch,medium,no,generation|copy,low,
analyze_requirement,frontzilla,1-specialist,1,session-mcp,dev|arch,high,no,analysis|ui,low,
generate_wireframe,frontzilla,1-specialist,1,session-mcp|deploy-mcp,dev|arch,high,no,generation|ascii-art,low,
generate_screen_brief,frontzilla,1-specialist,1,session-mcp,dev|arch,high,no,generation|documentation,low,
generate_feature_spec,frontzilla,1-specialist,1,productzilla|session-mcp,product|arch,high,no,generation|specs,low,
suggest_ui_components,frontzilla,1-specialist,1,session-mcp,dev|arch,medium,no,suggestion|components,low,
suggest_refactor,frontzilla,1-specialist,1,session-mcp,dev|arch,medium,no,suggestion|code,low,
map_visual_states,frontzilla,1-specialist,1,session-mcp,dev|arch,medium,no,analysis|ui,low,
generate_api_service,frontzilla,1-specialist,1,backzilla|session-mcp,dev|arch,high,no,generation|api-client,low,
generate_component_variants,frontzilla,1-specialist,1,session-mcp,dev|arch,medium,no,generation|components,low,
document_component,frontzilla,1-specialist,1,docs-mcp|session-mcp,dev|arch,medium,no,documentation|components,low,
generate_component_spec,frontzilla,1-specialist,1,session-mcp,dev|arch,medium,no,generation|specs,low,
generate_frontend_tests,frontzilla,1-specialist,1,qazilla|session-mcp,qa|dev,high,no,generation|testing,low,
review_frontend_code,frontzilla,1-specialist,1,session-mcp,dev|arch,medium,no,review|code,low,
review_ui_consistency,frontzilla,1-specialist,1,session-mcp,dev|arch,medium,no,review|design,low,
validate_design_system_usage,frontzilla,1-specialist,1,session-mcp,dev|arch,medium,no,validation|design,low,
validate_visual_accessibility,frontzilla,1-specialist,1,qazilla|session-mcp,qa|dev,high,no,validation|wcag,low,
create_design_tokens,frontzilla,1-specialist,1,session-mcp,dev|arch,medium,no,generation|tokens,low,
run_ui_feature_workflow,frontzilla,1-specialist,1,session-mcp,dev|arch,high,no,orchestration|workflow,low,
split_design_and_frontend_tasks,frontzilla,1-specialist,1,pozilla|session-mcp,product|arch,medium,no,orchestration|tasks,low,
generate_terraform_module,opszilla,1-specialist,1,infra-mcp|deploy-mcp,ops|arch,high,no,generation|terraform,low,
generate_kubernetes_manifest,opszilla,1-specialist,1,infra-mcp|deploy-mcp,ops|arch,high,no,generation|kubernetes,low,
generate_docker_compose,opszilla,1-specialist,1,session-mcp|deploy-mcp,dev|ops,high,no,generation|docker,low,
generate_dockerfile,opszilla,1-specialist,1,deploy-mcp,ops|dev,high,no,generation|docker,low,
generate_helm_chart,opszilla,1-specialist,1,deploy-mcp,ops|arch,medium,no,generation|helm,low,
generate_github_actions_pipeline,opszilla,1-specialist,1,deploy-mcp,ops|arch,high,no,generation|ci-cd,low,
generate_gitlab_ci_pipeline,opszilla,1-specialist,1,deploy-mcp,ops|arch,medium,no,generation|ci-cd,low,
generate_cloud_run_deploy,opszilla,1-specialist,1,deploy-mcp,ops|arch,medium,no,generation|gcp,low,
generate_gke_deploy,opszilla,1-specialist,1,deploy-mcp,ops|arch,medium,no,generation|gcp-k8s,low,
generate_iam_policy,opszilla,1-specialist,1,seczilla|deploy-mcp,security|ops,high,no,generation|iam,low,
generate_observability_plan,opszilla,1-specialist,1,deploy-mcp|zilla-observatory,ops|arch,high,no,generation|monitoring,low,
generate_prometheus_rules,opszilla,1-specialist,1,deploy-mcp|zilla-observatory,ops|arch,medium,no,generation|prometheus,low,
generate_grafana_dashboard,opszilla,1-specialist,1,zilla-observatory|deploy-mcp,ops|arch,high,no,generation|grafana,low,
generate_release_checklist,opszilla,1-specialist,1,deploy-mcp,ops|qa,high,no,generation|checklist,low,
generate_runbook,opszilla,1-specialist,1,docs-mcp|deploy-mcp,ops|arch,high,no,generation|documentation,low,
generate_secret_strategy,opszilla,1-specialist,1,seczilla|deploy-mcp,security|ops,high,no,generation|secrets,low,
analyze_infrastructure_requirement,opszilla,1-specialist,1,session-mcp,arch|ops,high,no,analysis|requirements,low,
review_cloud_security,opszilla,1-specialist,1,seczilla|deploy-mcp,security|ops,high,no,review|security,low,
review_devops_config,opszilla,1-specialist,1,session-mcp|deploy-mcp,arch|ops,high,no,review|config,low,
generate_threat_model,seczilla,1-specialist,1,ai-governance|docs-mcp,security|arch,high,no,generation|threats,medium,
map_security_risks,seczilla,1-specialist,1,session-mcp,security|arch,high,no,analysis|risks,low,
generate_security_controls,seczilla,1-specialist,1,docs-mcp|deploy-mcp,security|arch,high,no,generation|controls,low,
generate_security_architecture,seczilla,1-specialist,1,archzilla|deploy-mcp,arch|security,high,no,generation|architecture,low,
validate_against_standards,seczilla,1-specialist,1,ai-governance|deploy-mcp,security|arch,high,no,validation|standards,low,
generate_security_handbook,seczilla,1-specialist,1,docs-mcp,security|arch,medium,no,generation|handbook,low,
review_secure_code,seczilla,1-specialist,1,backzilla|frontzilla,security|dev,high,no,review|code,low,
generate_penetration_test,seczilla,1-specialist,1,session-mcp,security|ops,medium,no,generation|pentest,low,
generate_compliance_report,seczilla,1-specialist,1,audit-mcp|docs-mcp,security|arch,high,no,generation|compliance,low,
validate_gdpr_compliance,seczilla,1-specialist,1,audit-mcp|docs-mcp,security|arch,high,no,validation|gdpr,low,
validate_soc2_compliance,seczilla,1-specialist,1,audit-mcp|deploy-mcp,security|ops,high,no,validation|soc2,low,
generate_threat_intelligence,seczilla,1-specialist,1,deploy-mcp,security|ops,medium,no,generation|intelligence,low,
scan_dependency_risks,seczilla,1-specialist,1,qa-mcp|deploy-mcp,security|dev,high,no,scanning|dependencies,low,
generate_api_security_spec,seczilla,1-specialist,1,archzilla|deploy-mcp,arch|security,high,no,generation|api-security,low,
publish_security_requirements,seczilla,1-specialist,1,session-mcp|deploy-mcp,security|ops,high,no,notification|orchestration,low,
analyze_product_problem,productzilla,1-specialist,1,session-mcp,product|arch,high,no,analysis|problems,low,
define_product_vision,productzilla,1-specialist,1,pozilla|session-mcp,product|arch,high,no,definition|vision,low,
define_product_metrics,productzilla,1-specialist,1,analytics-mcp|session-mcp,product|ops,high,no,definition|metrics,low,
map_user_journey,productzilla,1-specialist,1,frontzilla|session-mcp,product|arch,high,no,mapping|journeys,low,
map_user_personas,productzilla,1-specialist,1,session-mcp,product|arch,high,no,mapping|personas,low,
generate_feature_spec,productzilla,1-specialist,1,pozilla|deploy-mcp,product|arch,high,no,generation|specs,low,
generate_discovery_questions,productzilla,1-specialist,1,session-mcp,product|arch,medium,no,generation|questions,low,
generate_go_to_market_brief,productzilla,1-specialist,1,deploy-mcp,product|ops,high,no,generation|gtm,low,
generate_handoff_to_architecture,productzilla,1-specialist,1,archzilla|session-mcp,arch|product,high,no,generation|handoff,low,
generate_handoff_to_design,productzilla,1-specialist,1,frontzilla|session-mcp,arch|product,high,no,generation|handoff,low,
generate_handoff_to_engineering,productzilla,1-specialist,1,backzilla|session-mcp,arch|product,high,no,generation|handoff,low,
generate_release_plan,productzilla,1-specialist,1,deploy-mcp,product|ops,high,no,generation|release,low,
generate_user_stories,productzilla,1-specialist,1,pozilla|session-mcp,product|arch,high,no,generation|stories,low,
calculate_rice_score,productzilla,1-specialist,1,session-mcp,product|arch,high,no,calculation|prioritization,low,
define_mvp_scope,productzilla,1-specialist,1,session-mcp,product|arch,high,no,definition|mvp,low,
map_product_risks,productzilla,1-specialist,1,session-mcp,product|arch,high,no,mapping|risks,low,
prioritize_backlog,productzilla,1-specialist,1,pozilla|session-mcp,product|arch,high,no,prioritization|backlog,low,
generate_acceptance_criteria,productzilla,1-specialist,1,pozilla|session-mcp,product|arch,high,no,generation|criteria,low,
analyze_business_demand,pozilla,1-specialist,1,session-mcp,product|arch,high,no,analysis|business,low,
define_definition_of_done,pozilla,1-specialist,1,session-mcp,product|qa,high,no,definition|dod,low,
define_definition_of_ready,pozilla,1-specialist,1,session-mcp,product|qa,high,no,definition|dor,low,
generate_epic,pozilla,1-specialist,1,productzilla|session-mcp,product|arch,high,no,generation|epics,low,
generate_feature_breakdown,pozilla,1-specialist,1,productzilla|session-mcp,product|arch,high,no,generation|breakdown,low,
generate_user_stories,pozilla,1-specialist,1,session-mcp,product|arch,high,no,generation|stories,low,
generate_gherkin_scenarios,pozilla,1-specialist,1,qazilla|session-mcp,qa|product,high,no,generation|bdd,low,
generate_jira_tasks,pozilla,1-specialist,1,deploy-mcp,product|arch,high,no,generation|jira,low,
generate_release_notes,pozilla,1-specialist,1,deploy-mcp,product|ops,high,no,generation|docs,low,
prioritize_backlog_items,pozilla,1-specialist,1,session-mcp,product|arch,high,no,prioritization|backlog,low,
refine_feature,pozilla,1-specialist,1,session-mcp,product|arch,high,no,refinement|features,low,
validate_story_readiness,pozilla,1-specialist,1,session-mcp,product|qa,high,no,validation|stories,low,
identify_scope_risks,pozilla,1-specialist,1,session-mcp,product|arch,high,no,identification|risks,low,
map_dependencies,pozilla,1-specialist,1,archzilla|session-mcp,arch|product,high,no,mapping|dependencies,low,
prepare_sprint_backlog,pozilla,1-specialist,1,session-mcp,product|arch,high,no,preparation|sprints,low,
generate_homologation_checklist,pozilla,1-specialist,1,qazilla|session-mcp,qa|product,high,no,generation|checklist,low,
authenticate,agent-twin-mcp,2-infrastructure,1,session-mcp|all-mcps,all,high,no,identity|jwt,low,
get_twin_context,agent-twin-mcp,2-infrastructure,1,all-mcps,all,high,no,context|database,low,
whoami,agent-twin-mcp,2-infrastructure,1,session-mcp,all,medium,no,identity|database,low,
register_token,agent-twin-mcp,2-infrastructure,1,admin-mcp,admin,low,no,identity|tokens,low,Rarely used
get_credential,config-mcp,2-infrastructure,1,all-mcps|services,all,high,no,secrets|store,low,Critical for all services
set_credential,config-mcp,2-infrastructure,1,admin-mcp|services,admin|ops,high,no,secrets|store,low,Critical security
list_credentials,config-mcp,2-infrastructure,1,admin-mcp,admin,medium,no,secrets|database,low,
get_env_config,config-mcp,2-infrastructure,1,all-mcps|services,all,high,no,config|store,low,
set_env_var,config-mcp,2-infrastructure,1,admin-mcp|services,admin|ops,high,no,config|store,low,
get_session_tenant_config,config-mcp,2-infrastructure,1,all-mcps,all,high,no,config|tenant,low,Multi-tenancy critical
get_physical_info,config-mcp,2-infrastructure,1,infra-mcp|opszilla,ops|arch,medium,no,info|system,low,
sync_env_file,config-mcp,2-infrastructure,1,session-mcp|deploy-mcp,dev|ops,high,no,config|files,low,
start_session,session-mcp,2-infrastructure,1,all-agents,all,high,no,database|session,low,Critical
resume_session,session-mcp,2-infrastructure,1,all-agents,all,high,no,database|session,low,Critical
add_artifact,session-mcp,2-infrastructure,1,all-agents,all,high,no,database|artifacts,low,
add_task,session-mcp,2-infrastructure,1,all-agents,all,high,no,database|tasks,low,
approve_task,session-mcp,2-infrastructure,1,all-agents|humans,all,high,no,database|decisions,low,Governance critical
complete_task,session-mcp,2-infrastructure,1,all-agents,all,high,no,database|git-integration,low,
save_checkpoint,session-mcp,2-infrastructure,1,all-agents,all,high,no,database|checkpoints,low,
end_session,session-mcp,2-infrastructure,1,all-agents,all,medium,no,database|session,low,
list_sessions,session-mcp,2-infrastructure,1,all-agents|humans,all,high,no,database|queries,low,
submit_suggestion,session-mcp,2-infrastructure,1,all-agents,all,high,no,database|cross-repo,low,
accept_suggestion,session-mcp,2-infrastructure,1,all-agents|humans,all,high,no,database|governance,low,Governance critical
approve_service,deploy-mcp,2-infrastructure,1,pipeline-mcp,ops|qa,high,no,git|github,low,
create_branch,deploy-mcp,2-infrastructure,1,session-mcp|all-agents,all,high,no,git|github,low,
create_pr,deploy-mcp,2-infrastructure,1,session-mcp|all-agents|pipeline-mcp,all|qa,high,no,git|github,low,
merge_pr,deploy-mcp,2-infrastructure,1,pipeline-mcp,qa|ops,high,no,git|github,low,
commit_files,deploy-mcp,2-infrastructure,1,session-mcp|all-agents,all,high,no,git|github,low,
trigger_workflow,deploy-mcp,2-infrastructure,1,pipeline-mcp|all-agents,all|ops,high,no,github-actions|automation,low,
deploy,deploy-mcp,2-infrastructure,1,pipeline-mcp|opszilla,ops|qa,high,no,github-actions|deployment,low,
get_deploy_status,deploy-mcp,2-infrastructure,1,pipeline-mcp|session-mcp,ops|qa,high,no,github-actions|queries,low,
list_workflow_runs,deploy-mcp,2-infrastructure,1,pipeline-mcp|session-mcp,ops|qa,medium,no,github-actions|queries,low,
get_workflow_run,deploy-mcp,2-infrastructure,1,pipeline-mcp|session-mcp,ops|qa,medium,no,github-actions|queries,low,
cancel_workflow_run,deploy-mcp,2-infrastructure,1,pipeline-mcp|session-mcp,ops|qa,medium,no,github-actions|control,low,
list_branches,deploy-mcp,2-infrastructure,1,session-mcp,all,medium,no,git|queries,low,
list_prs,deploy-mcp,2-infrastructure,1,session-mcp|pipeline-mcp,all|qa,high,no,git|queries,low,
list_repos,deploy-mcp,2-infrastructure,1,session-mcp,all,low,no,git|queries,low,Rarely used
get_pr,deploy-mcp,2-infrastructure,1,pipeline-mcp,qa|ops,high,no,git|queries,low,
list_acr_images,deploy-mcp,2-infrastructure,1,pipeline-mcp|infra-mcp,ops|qa,high,no,acr|queries,low,
acr_build,deploy-mcp,2-infrastructure,1,session-mcp|pipeline-mcp,ops|dev,high,no,acr|docker,low,
setup_repo,deploy-mcp,2-infrastructure,1,pipeline-mcp,ops,high,no,github|secrets,low,
scaffold_pipeline,deploy-mcp,2-infrastructure,1,session-mcp,ops|arch,high,no,github|templates,low,
terraform_validate,infra-mcp,2-infrastructure,1,opszilla|deploy-mcp,ops|arch,high,no,terraform|validation,low,
terraform_plan,infra-mcp,2-infrastructure,1,opszilla|deploy-mcp|pipeline-mcp,ops|arch,high,no,terraform|execution,low,
terraform_show_plan,infra-mcp,2-infrastructure,1,opszilla|deploy-mcp,ops|arch,medium,no,terraform|queries,low,
terraform_fmt_check,infra-mcp,2-infrastructure,1,deploy-mcp,ops|arch,low,no,terraform|formatting,low,
policy_scan_checkov,infra-mcp,2-infrastructure,1,opszilla|deploy-mcp|pipeline-mcp,ops|arch,high,no,checkov|policies,low,
cost_estimate_infracost,infra-mcp,2-infrastructure,1,opszilla|deploy-mcp,ops|arch,high,no,infracost|cost,low,Blocks if delta > threshold
request_vm,infra-mcp,2-infrastructure,1,session-mcp|all-agents,all,medium,no,vm-allocation|quota,low,Phase 2: Not for production use yet
get_lease,infra-mcp,2-infrastructure,1,session-mcp,all,medium,no,vm-allocation|queries,low,
extend_lease,infra-mcp,2-infrastructure,1,session-mcp,all,low,no,vm-allocation|control,low,
release_lease,infra-mcp,2-infrastructure,1,session-mcp,all,low,no,vm-allocation|cleanup,low,
get_lease_ssh_key,infra-mcp,2-infrastructure,1,session-mcp,all,medium,no,vm-allocation|auth,low,
list_pool,infra-mcp,2-infrastructure,1,session-mcp|infra-mcp,ops|arch,medium,no,vm-allocation|queries,low,
query_capacity,infra-mcp,2-infrastructure,1,session-mcp,ops|arch,medium,no,vm-allocation|capacity,low,
cancel_queued_request,infra-mcp,2-infrastructure,1,session-mcp,all,low,no,vm-allocation|control,low,Rarely used
validate_migration,ai-governance-mcp,2-infrastructure,1,backzilla|deploy-mcp,dev|ops,high,no,validation|migrations,medium,HARD STOP: No DROP in upgrade()
validate_lib_change,ai-governance-mcp,2-infrastructure,1,session-mcp|all-agents,all,high,no,validation|libs,medium,HARD STOP: Requires approval for platform-*-lib
validate_agent_decision,ai-governance-mcp,2-infrastructure,1,session-mcp|all-agents,all,high,no,validation|governance,medium,HARD STOP: Blocks breaking changes
validate_contract,ai-governance-mcp,2-infrastructure,1,archzilla|backzilla,arch|dev,high,no,validation|contracts,medium,
get_contract_change_policy,ai-governance-mcp,2-infrastructure,1,session-mcp,all,high,no,policy|generation,low,
get_service_ownership,ai-governance-mcp,2-infrastructure,1,session-mcp|backzilla,all|arch,high,no,database|queries,low,
get_service_metadata,ai-governance-mcp,2-infrastructure,1,session-mcp,all,high,no,database|queries,low,
get_service_dependencies,ai-governance-mcp,2-infrastructure,1,session-mcp|backzilla,all|arch,high,no,graph|queries,low,
find_consumers_of,ai-governance-mcp,2-infrastructure,1,session-mcp|ai-governance,all|security,high,no,graph|queries,low,
find_dependencies_of,ai-governance-mcp,2-infrastructure,1,session-mcp|ai-governance,all|security,high,no,graph|queries,low,
query_ecosystem_graph,ai-governance-mcp,2-infrastructure,1,session-mcp|cross-zilla-validators,all|governance,high,no,graph|queries,low,
get_agent_guidelines,ai-governance-mcp,2-infrastructure,1,session-mcp|all-agents,all,high,no,policy|database,low,
get_layer_policy,ai-governance-mcp,2-infrastructure,1,session-mcp,all,high,no,policy|database,low,
get_forbidden_actions,ai-governance-mcp,2-infrastructure,1,session-mcp|all-agents,all,medium,no,policy|database,low,
get_fallback_policy,ai-governance-mcp,2-infrastructure,1,session-mcp,all,medium,no,policy|database,low,
check_scope,ai-governance-mcp,2-infrastructure,1,session-mcp|deploy-mcp,all,high,no,validation|scope,low,
search_governance_knowledge,ai-governance-mcp,2-infrastructure,1,session-mcp,all,low,no,search|knowledge,low,Rarely used
submit_suggestion,ai-governance-mcp,2-infrastructure,1,session-mcp,all,high,no,database|cross-repo,low,
list_suggestions,ai-governance-mcp,2-infrastructure,1,session-mcp|all-agents,all,high,no,database|queries,low,
get_suggestion,ai-governance-mcp,2-infrastructure,1,session-mcp,all,high,no,database|queries,low,
create_adr,ai-governance-mcp,2-infrastructure,1,archzilla|session-mcp,arch|dev,high,no,generation|adr,low,
promote_service,pipeline-mcp,2-infrastructure,1,session-mcp|deploy-mcp,qa|ops,high,no,orchestration|promotion,low,Critical for releases
rollback,pipeline-mcp,2-infrastructure,1,session-mcp|deploy-mcp,ops|qa,high,no,orchestration|safety,low,Critical for incidents
approve_promotion,pipeline-mcp,2-infrastructure,1,session-mcp|humans,ops|qa,high,no,orchestration|approval,low,Governance critical
get_gate_status,pipeline-mcp,2-infrastructure,1,session-mcp|all-agents,all,high,no,database|queries,low,
add_gate_result,pipeline-mcp,2-infrastructure,1,session-mcp|qazilla,all|qa,high,no,database|gates,low,
set_pipeline_config,pipeline-mcp,2-infrastructure,1,session-mcp,ops|arch,medium,no,database|config,low,
clear_gates,pipeline-mcp,2-infrastructure,1,session-mcp,ops|qa,medium,no,database|control,low,
get_pipeline,pipeline-mcp,2-infrastructure,1,session-mcp|all-agents,all,high,no,database|queries,low,
get_pipeline_overview,pipeline-mcp,2-infrastructure,1,session-mcp|opszilla,ops|arch,high,no,database|queries,low,
get_promotion_history,pipeline-mcp,2-infrastructure,1,session-mcp,ops|qa,high,no,database|queries,low,
list_pipeline,pipeline-mcp,2-infrastructure,1,session-mcp,all,high,no,database|queries,low,
register_pipeline,pipeline-mcp,2-infrastructure,1,session-mcp|deploy-mcp,ops|arch,high,no,database|registration,low,
block_service,pipeline-mcp,2-infrastructure,1,session-mcp|humans,ops|qa,medium,no,database|control,low,
watch_prs,pipeline-mcp,2-infrastructure,1,session-mcp,ops|qa,high,no,orchestration|automation,low,
register_service,services-mcp,2-infrastructure,1,session-mcp|opszilla|monitor-mcp,ops|arch,high,no,database|registration,low,
get_service,services-mcp,2-infrastructure,1,session-mcp|all-agents,all,high,no,database|queries,low,
list_services,services-mcp,2-infrastructure,1,session-mcp|all-agents,all,high,no,database|queries,low,
check_health,services-mcp,2-infrastructure,1,pipeline-mcp|session-mcp,ops|qa,high,no,health-check|http,low,
check_all_health,services-mcp,2-infrastructure,1,pipeline-mcp|session-mcp,ops|qa,high,no,health-check|batch,low,
reload_service,services-mcp,2-infrastructure,1,session-mcp,ops,medium,no,service-control|http,low,
service_status,services-mcp,2-infrastructure,1,session-mcp|all-agents,all,high,no,database|queries,low,
unregister_service,services-mcp,2-infrastructure,1,session-mcp|opszilla,ops|arch,medium,no,database|deletion,low,
update_service,services-mcp,2-infrastructure,1,session-mcp|opszilla,ops|arch,high,no,database|updates,low,
find_by_port,services-mcp,2-infrastructure,1,session-mcp,all,medium,no,database|queries,low,
get_port_map,services-mcp,2-infrastructure,1,session-mcp|infra-mcp,ops|arch,high,no,database|queries,low,
scan_docker,services-mcp,2-infrastructure,1,session-mcp|opszilla,ops|arch,high,no,docker|scanning,low,
scan_processes,services-mcp,2-infrastructure,1,session-mcp|opszilla,ops|arch,medium,no,system|scanning,low,
list_environments,services-mcp,2-infrastructure,1,session-mcp,ops|arch,medium,no,database|queries,low,
check_required_docs,docs-mcp,2-infrastructure,1,deploy-mcp|session-mcp,qa|ops,high,no,docs|validation,low,
check_doc_standards,docs-mcp,2-infrastructure,1,deploy-mcp|session-mcp,qa|ops,high,no,docs|validation,low,
check_links,docs-mcp,2-infrastructure,1,session-mcp,all,medium,no,docs|validation,low,
lint_markdown,docs-mcp,2-infrastructure,1,session-mcp|deploy-mcp,all|dev,high,no,docs|linting,low,
validate_doc,docs-mcp,2-infrastructure,1,session-mcp|deploy-mcp,all|qa,high,no,docs|validation,low,
find_stale_docs,docs-mcp,2-infrastructure,1,session-mcp,all,low,no,docs|analysis,low,Rarely used
generate_doc,docs-mcp,2-infrastructure,1,archzilla|all-agents,all,high,no,docs|generation,low,Used everywhere
audit_repo,docs-mcp,2-infrastructure,1,session-mcp,all,medium,no,docs|audit,low,
generate_doc_report,docs-mcp,2-infrastructure,1,session-mcp,all,low,no,docs|reporting,low,Rarely used
get_doc_tree,docs-mcp,2-infrastructure,1,session-mcp,all,medium,no,docs|queries,low,
scan_docs,docs-mcp,2-infrastructure,1,session-mcp,all,medium,no,docs|scanning,low,
search_docs,docs-mcp,2-infrastructure,1,session-mcp,all,medium,no,docs|search,low,
get_audit_history,docs-mcp,2-infrastructure,1,session-mcp,all,low,no,docs|queries,low,Rarely used
list_templates,docs-mcp,2-infrastructure,1,session-mcp|all-agents,all,medium,no,docs|database,low,
get_ecosystem_health,zilla-observatory,3-specialized,1,pipeline-mcp|session-mcp,ops|qa,high,no,monitoring|queries,low,
get_service_metrics,zilla-observatory,3-specialized,1,opszilla|deploy-mcp,ops|arch,high,no,monitoring|queries,low,
configure_alert,zilla-observatory,3-specialized,1,opszilla|deploy-mcp,ops|arch,high,no,monitoring|alerts,low,
generate_grafana_dashboard,zilla-observatory,3-specialized,1,opszilla|deploy-mcp,ops|arch,high,no,monitoring|dashboards,low,
